[
{"key":"1","value":"美食","children":["私房菜","家常菜","北京菜","川菜","湘菜","东北菜","粤菜","江浙菜","清真菜","火锅","小吃面食","新疆菜","快餐简餐","烧烤","日本料理","韩国料理","东南亚菜","西餐","自助餐","冀菜","面包甜点","茶馆","咖啡厅","酒吧","其他美食"]},
{"key":"2","value":"购物","children":["综合商场","水果生鲜","食品茶酒","超市/便利店","化妆品","运动户外","花店","药店","亲子购物","服饰鞋包","办公/文化用品","珠宝饰品","数码产品","家居建材","书店","眼镜店","更多购物场所"]},
{"key":"3","value":"周边游","children":["景点","温泉","滑雪","采摘/农家乐","展馆展览","动植物园","水上娱乐","更多周边游"]},
{"key":"4","value":"休闲娱乐","children":["咖啡厅","中医养生","VR","桌球馆","酒吧","KTV","电影院","茶馆","文化艺术","私人影院","密室","真人CS","洗浴","桌面游戏","轰趴馆","足疗按摩","游乐游艺","DIY手工坊","网吧网咖","棋牌室","录音棚","更多休闲娱乐"]},
{"key":"5","value":"丽人","children":["祛痘","产后塑形","纹绣","美甲美睫","美发","化妆品","美容/SPA","瘦身纤体","瑜伽","整形","舞蹈","纹身"]},
{"key":"6","value":"酒店","children":["高端酒店","快捷酒店","商务酒店","主题酒店","情侣酒店","民宿","度假酒店","别墅","五星级/豪华型","四星级/高档型","三星级/舒适型","经济型","青年旅舍","度假村","公寓式酒店","精品酒店","客栈旅舍","更多酒店住宿"]},
{"key":"7","value":"结婚","children":["个性写真","婚纱摄影","婚纱礼服","婚庆公司","婚戒首饰","婚宴","彩妆造型","婚车租赁","婚礼跟拍","司仪主持","西服定制","更多婚礼服务","婚礼小商品"]},
{"key":"8","value":"生活服务","children":["小区","商务楼","衣物/皮具洗护","医院","厕所","送水/送奶站","搬家","回收","管道疏通","开锁","裁缝改衣","手机维修","体检中心","演出票务","家政","旅行社","银行","电脑维修","家电维修","修鞋","政府机构","物流快递","居家维修","网站","快照/冲印","交通","通信营业厅","更多生活服务","房屋地产","公司企业","售票点"]},
{"key":"9","value":"亲子","children":["月子会所","上门拍","宝宝派对","亲子玩乐","亲子旅游","幼儿园","亲子摄影","托班/托儿所","早教中心","幼儿教育","幼儿外语","婴儿游泳","孕妇写真","亲子游乐","孕产护理","亲子购物","幼儿才艺","更多亲子服务"]},
{"key":"10","value":"学习培训","children":["外语培训","音乐培训","职业技术","升学辅导","美术培训","驾校","留学","兴趣生活","教育院校","更多教育培训"]},
{"key":"11","value":"家装","children":["装修设计","家装卖场","建材","家具家居","家用电器"]},
{"key":"12","value":"运动健身","children":["篮球场","健身中心","体育场馆","游泳馆","羽毛球馆","网球场","高尔夫场","保龄球馆","桌球馆","武术场馆","足球场","壁球馆","攀岩馆","射箭馆","马术场","乒乓球馆","溜冰场","瑜伽","舞蹈","漂流","滑雪","更多运动场馆"]},
{"key":"13","value":"爱车","children":["年检站","交警队","4S店/汽车销售","洗车","维修保养","配件/车饰","汽车租赁","停车场","加油站","汽车美容","汽车保险","更多汽车服务"]},
{"key":"14","value":"医疗健康","children":["医院","中医","齿科","药店","体检中心","整形","妇幼医院","宠物医院","其他医疗"]},
{"key":"15","value":"宠物","children":["宠物店","宠物医院"]},
{"key":"16","value":"佛教寺庙","children":["佛教寺庙","道教寺庙","其他宗教场所"]}
]
