[
  {
    "value": 426,
    "name": "其他组织",
    "desc": "其他组织",
    "nav": [
      "其他组织"
    ],
    "navIds": [
      426
    ],
    "children": [
      {
        "nav": [
          "其他组织",
          "教育/医疗"
        ],
        "navIds": [
          426,
          429
        ],
        "value": 429,
        "name": "教育/医疗",
        "desc": "教育/医疗",
        "children": [
          {
            "isLeaf": true,
            "name": "教育/培训/考试缴费/学费",
            "value": 506,
            "nav": [
              "其他组织",
              "教育/医疗",
              "教育/培训/考试缴费/学费"
            ],
            "navIds": [
              426,
              429,
              506
            ],
            "desc": "适用于教育培训类事业单位申请"
          },
          {
            "isLeaf": true,
            "name": "私立院校",
            "value": 517,
            "nav": [
              "其他组织",
              "教育/医疗",
              "私立院校"
            ],
            "navIds": [
              426,
              429,
              517
            ],
            "desc": "适用于其他组织类型的私立学校申请"
          },
          {
            "isLeaf": true,
            "name": "诊所/卫生站/卫生服务中心",
            "value": 534,
            "nav": [
              "其他组织",
              "教育/医疗",
              "诊所/卫生站/卫生服务中心"
            ],
            "navIds": [
              426,
              429,
              534
            ],
            "desc": "适用于诊所、卫生所等主体为其他组织类型医院"
          }
        ]
      },
      {
        "nav": [
          "其他组织",
          "生活/咨询服务"
        ],
        "navIds": [
          426,
          443
        ],
        "value": 443,
        "name": "生活/咨询服务",
        "desc": "生活/咨询服务",
        "children": [
          {
            "isLeaf": true,
            "name": "咨询/法律咨询/金融咨询等",
            "value": 523,
            "nav": [
              "其他组织",
              "生活/咨询服务",
              "咨询/法律咨询/金融咨询等"
            ],
            "navIds": [
              426,
              443,
              523
            ],
            "desc": "适用于各类咨询业务(不包含医疗信息咨询)的其他组织主体申请"
          }
        ]
      },
      {
        "nav": [
          "其他组织",
          "交通运输/票务旅游"
        ],
        "navIds": [
          426,
          431
        ],
        "value": 431,
        "name": "交通运输/票务旅游",
        "desc": "交通运输/票务旅游",
        "children": [
          {
            "isLeaf": true,
            "name": "宗教",
            "value": 509,
            "nav": [
              "其他组织",
              "交通运输/票务旅游",
              "宗教"
            ],
            "navIds": [
              426,
              431,
              509
            ],
            "desc": "适用于寺庙、道观等宗教场所申请"
          },
          {
            "isLeaf": true,
            "name": "娱乐票务",
            "value": 535,
            "nav": [
              "其他组织",
              "交通运输/票务旅游",
              "娱乐票务"
            ],
            "navIds": [
              426,
              431,
              535
            ],
            "desc": "适用于演唱会票务、电影票、赛事门票等各种娱乐赛事门票售卖的其他组织主体类型机构"
          },
          {
            "isLeaf": true,
            "name": "机票/机票代理",
            "value": 537,
            "nav": [
              "其他组织",
              "交通运输/票务旅游",
              "机票/机票代理"
            ],
            "navIds": [
              426,
              431,
              537
            ],
            "desc": "适用于航空公司、机票代理组织"
          }
        ]
      },
      {
        "nav": [
          "其他组织",
          "公益"
        ],
        "navIds": [
          426,
          430
        ],
        "value": 430,
        "name": "公益",
        "desc": "公益",
        "children": [
          {
            "isLeaf": true,
            "name": "公益",
            "value": 510,
            "nav": [
              "其他组织",
              "公益",
              "公益"
            ],
            "navIds": [
              426,
              430,
              510
            ],
            "desc": "具备接受捐赠资质的公益组织"
          }
        ]
      }
    ]
  },
  {
    "value": 59,
    "name": "政府及事业单位",
    "desc": "政府及事业单位",
    "nav": [
      "政府及事业单位"
    ],
    "navIds": [
      59
    ],
    "children": [
      {
        "nav": [
          "政府及事业单位",
          "教育/医疗"
        ],
        "navIds": [
          59,
          66
        ],
        "value": 66,
        "name": "教育/医疗",
        "desc": "教育/医疗",
        "children": [
          {
            "isLeaf": true,
            "name": "公立院校",
            "value": 164,
            "nav": [
              "政府及事业单位",
              "教育/医疗",
              "公立院校"
            ],
            "navIds": [
              59,
              66,
              164
            ],
            "desc": "适用于公立学校申请"
          },
          {
            "isLeaf": true,
            "name": "公立医院",
            "value": 176,
            "nav": [
              "政府及事业单位",
              "教育/医疗",
              "公立医院"
            ],
            "navIds": [
              59,
              66,
              176
            ],
            "desc": "适用于公立医院等"
          },
          {
            "isLeaf": true,
            "name": "挂号平台",
            "value": 177,
            "nav": [
              "政府及事业单位",
              "教育/医疗",
              "挂号平台"
            ],
            "navIds": [
              59,
              66,
              177
            ],
            "desc": "适用于提供挂号服务的平台申请"
          }
        ]
      },
      {
        "nav": [
          "政府及事业单位",
          "交通运输服务"
        ],
        "navIds": [
          59,
          68
        ],
        "value": 68,
        "name": "交通运输服务",
        "desc": "交通运输服务",
        "children": [
          {
            "isLeaf": true,
            "name": "停车缴费",
            "value": 290,
            "nav": [
              "政府及事业单位",
              "交通运输服务",
              "停车缴费"
            ],
            "navIds": [
              59,
              68,
              290
            ],
            "desc": "事业单位背景的停车场收费等"
          }
        ]
      },
      {
        "nav": [
          "政府及事业单位",
          "其他生活缴费"
        ],
        "navIds": [
          59,
          65
        ],
        "value": 65,
        "name": "其他生活缴费",
        "desc": "其他生活缴费",
        "children": [
          {
            "isLeaf": true,
            "name": "水电煤缴费/交通罚款等生活缴费",
            "value": 165,
            "nav": [
              "政府及事业单位",
              "其他生活缴费",
              "水电煤缴费/交通罚款等生活缴费"
            ],
            "navIds": [
              59,
              65,
              165
            ],
            "desc": "适用于自来水、电力事业单位或部分政府部门等"
          },
          {
            "isLeaf": true,
            "name": "事业单位",
            "value": 167,
            "nav": [
              "政府及事业单位",
              "其他生活缴费",
              "事业单位"
            ],
            "navIds": [
              59,
              65,
              167
            ],
            "desc": "政府及事业单位业务接入，如政府非税、机关单位等"
          },
          {
            "isLeaf": true,
            "name": "物业管理费",
            "value": 170,
            "nav": [
              "政府及事业单位",
              "其他生活缴费",
              "物业管理费"
            ],
            "navIds": [
              59,
              65,
              170
            ],
            "desc": "适用于收取物业管理相关费用的事业单位申请"
          },
          {
            "isLeaf": true,
            "name": "其他生活缴费",
            "value": 172,
            "nav": [
              "政府及事业单位",
              "其他生活缴费",
              "其他生活缴费"
            ],
            "navIds": [
              59,
              65,
              172
            ],
            "desc": "其他生活缴费类服务"
          }
        ]
      }
    ]
  },
  {
    "value": 39,
    "name": "个体工商户",
    "desc": "个体工商户",
    "nav": [
      "个体工商户"
    ],
    "navIds": [
      39
    ],
    "children": [
      {
        "nav": [
          "个体工商户",
          "餐饮"
        ],
        "navIds": [
          39,
          55
        ],
        "value": 55,
        "name": "餐饮",
        "desc": "餐饮",
        "children": [
          {
            "isLeaf": true,
            "name": "快餐",
            "value": 557,
            "nav": [
              "个体工商户",
              "餐饮",
              "快餐"
            ],
            "navIds": [
              39,
              55,
              557
            ],
            "desc": "适用于主营制售中式快餐、西式快餐或其他类型快餐的门店"
          },
          {
            "isLeaf": true,
            "name": "火锅",
            "value": 555,
            "nav": [
              "个体工商户",
              "餐饮",
              "火锅"
            ],
            "navIds": [
              39,
              55,
              555
            ],
            "desc": "适用于主营制售火锅的餐饮门店，包括麻辣烫/串串香、各地域火锅、羊蝎子、韩式火锅、豆捞等"
          },
          {
            "isLeaf": true,
            "name": "烧烤",
            "value": 556,
            "nav": [
              "个体工商户",
              "餐饮",
              "烧烤"
            ],
            "navIds": [
              39,
              55,
              556
            ],
            "desc": "适用于主营制售烧烤的餐饮企业/门店，包括中式/日式/拉美烧烤，铁板烧，韩式烧烤等"
          },
          {
            "isLeaf": true,
            "name": "小吃/熟食",
            "value": 560,
            "nav": [
              "个体工商户",
              "餐饮",
              "小吃/熟食"
            ],
            "navIds": [
              39,
              55,
              560
            ],
            "desc": "适用于主营制售面点、米粉/米线、熟食卤味等小吃或熟食门店"
          },
          {
            "isLeaf": true,
            "name": "其他中餐",
            "value": 551,
            "nav": [
              "个体工商户",
              "餐饮",
              "其他中餐"
            ],
            "navIds": [
              39,
              55,
              551
            ],
            "desc": "适用于八大菜系、各地方菜、汤/粥/煲/砂锅/炖菜、土菜/农家菜、茶餐厅、清真菜、自助餐、创意菜等中式餐饮门店"
          },
          {
            "isLeaf": true,
            "name": "日韩/东南亚菜",
            "value": 553,
            "nav": [
              "个体工商户",
              "餐饮",
              "日韩/东南亚菜"
            ],
            "navIds": [
              39,
              55,
              553
            ],
            "desc": "适用于制售中韩、东南亚菜的餐饮门店"
          },
          {
            "isLeaf": true,
            "name": "西餐",
            "value": 552,
            "nav": [
              "个体工商户",
              "餐饮",
              "西餐"
            ],
            "navIds": [
              39,
              55,
              552
            ],
            "desc": "适用于主营西餐的线下餐饮门店"
          },
          {
            "isLeaf": true,
            "name": "咖啡厅",
            "value": 554,
            "nav": [
              "个体工商户",
              "餐饮",
              "咖啡厅"
            ],
            "navIds": [
              39,
              55,
              554
            ],
            "desc": "适用于现场制售咖啡饮品的门店"
          },
          {
            "isLeaf": true,
            "name": "甜品饮品",
            "value": 562,
            "nav": [
              "个体工商户",
              "餐饮",
              "甜品饮品"
            ],
            "navIds": [
              39,
              55,
              562
            ],
            "desc": "适用于制售奶茶、冰激凌、饮品/甜点等各类甜品饮品的餐饮门店"
          },
          {
            "isLeaf": true,
            "name": "烘焙糕点",
            "value": 561,
            "nav": [
              "个体工商户",
              "餐饮",
              "烘焙糕点"
            ],
            "navIds": [
              39,
              55,
              561
            ],
            "desc": "适用于制售蛋糕、面包等烘焙糕点，且拥有生产场所的门店"
          }
        ]
      },
      {
        "nav": [
          "个体工商户",
          "线下零售"
        ],
        "navIds": [
          39,
          76
        ],
        "value": 76,
        "name": "线下零售",
        "desc": "线下零售",
        "children": [
          {
            "isLeaf": true,
            "name": "便利店",
            "value": 209,
            "nav": [
              "个体工商户",
              "线下零售",
              "便利店"
            ],
            "navIds": [
              39,
              76,
              209
            ],
            "desc": "适用于便利店、士多店等门店"
          },
          {
            "isLeaf": true,
            "name": "食品生鲜",
            "value": 292,
            "nav": [
              "个体工商户",
              "线下零售",
              "食品生鲜"
            ],
            "navIds": [
              39,
              76,
              292
            ],
            "desc": "适用于生产或销售预包装食品的企业/门店、水果店、零食店、菜市场等，如是餐饮行业，建议选择餐饮类目"
          },
          {
            "isLeaf": true,
            "name": "数码电器/电脑办公",
            "value": 319,
            "nav": [
              "个体工商户",
              "线下零售",
              "数码电器/电脑办公"
            ],
            "navIds": [
              39,
              76,
              319
            ],
            "desc": "数码产品、家用电器、办公设备生产销售的个体户/门店"
          },
          {
            "isLeaf": true,
            "name": "家具建材/家居厨具",
            "value": 293,
            "nav": [
              "个体工商户",
              "线下零售",
              "家具建材/家居厨具"
            ],
            "navIds": [
              39,
              76,
              293
            ],
            "desc": "适用于家居用品、装饰建材、家居厨具等家居用品生产销售的个体户/门店"
          },
          {
            "isLeaf": true,
            "name": "服饰箱包",
            "value": 297,
            "nav": [
              "个体工商户",
              "线下零售",
              "服饰箱包"
            ],
            "navIds": [
              39,
              76,
              297
            ],
            "desc": "适用于服装配饰、箱包、饰品、内衣等生产销售的个体户/门店"
          },
          {
            "isLeaf": true,
            "name": "运动户外",
            "value": 116,
            "nav": [
              "个体工商户",
              "线下零售",
              "运动户外"
            ],
            "navIds": [
              39,
              76,
              116
            ],
            "desc": "适用于运动服饰、健身器材、安防器械生产销售的个体户/门店"
          },
          {
            "isLeaf": true,
            "name": "美妆个护",
            "value": 294,
            "nav": [
              "个体工商户",
              "线下零售",
              "美妆个护"
            ],
            "navIds": [
              39,
              76,
              294
            ],
            "desc": "适用于美妆用品、个人护理用品生产销售的个体户/门店"
          },
          {
            "isLeaf": true,
            "name": "母婴用品/儿童玩具",
            "value": 129,
            "nav": [
              "个体工商户",
              "线下零售",
              "母婴用品/儿童玩具"
            ],
            "navIds": [
              39,
              76,
              129
            ],
            "desc": "适用于母婴用品、婴儿食品、儿童玩具生产销售的个体户/门店"
          },
          {
            "isLeaf": true,
            "name": "计生用品",
            "value": 123,
            "nav": [
              "个体工商户",
              "线下零售",
              "计生用品"
            ],
            "navIds": [
              39,
              76,
              123
            ],
            "desc": "适用于计生用品的生产销售的个体户/门店"
          },
          {
            "isLeaf": true,
            "name": "图书音像/文具乐器",
            "value": 323,
            "nav": [
              "个体工商户",
              "线下零售",
              "图书音像/文具乐器"
            ],
            "navIds": [
              39,
              76,
              323
            ],
            "desc": "适用于书店、音像出版社、文具、乐器生产销售的个体户/门店"
          },
          {
            "isLeaf": true,
            "name": "钟表眼镜",
            "value": 298,
            "nav": [
              "个体工商户",
              "线下零售",
              "钟表眼镜"
            ],
            "navIds": [
              39,
              76,
              298
            ],
            "desc": "适用于钟表、眼镜店生产销售的个体户/门店"
          },
          {
            "isLeaf": true,
            "name": "宠物/宠物用品",
            "value": 305,
            "nav": [
              "个体工商户",
              "线下零售",
              "宠物/宠物用品"
            ],
            "navIds": [
              39,
              76,
              305
            ],
            "desc": "适用于宠物经营、宠物食品生产、饲料销售的个体户/门店"
          },
          {
            "isLeaf": true,
            "name": "礼品鲜花/农资绿植",
            "value": 295,
            "nav": [
              "个体工商户",
              "线下零售",
              "礼品鲜花/农资绿植"
            ],
            "navIds": [
              39,
              76,
              295
            ],
            "desc": "花店、家居装饰用品生产销售企业、盆栽种植基地或盆栽销售门店等"
          },
          {
            "isLeaf": true,
            "name": "批发业",
            "value": 586,
            "nav": [
              "个体工商户",
              "线下零售",
              "批发业"
            ],
            "navIds": [
              39,
              76,
              586
            ],
            "desc": "各类批发行业，鞋服批发/饰品日用品批发/小商品批发/建材批发/五金批发"
          }
        ]
      },
      {
        "nav": [
          "个体工商户",
          "居民生活/商业服务"
        ],
        "navIds": [
          39,
          51
        ],
        "value": 51,
        "name": "居民生活/商业服务",
        "desc": "居民生活/商业服务",
        "children": [
          {
            "isLeaf": true,
            "name": "婚庆/摄影",
            "value": 299,
            "nav": [
              "个体工商户",
              "居民生活/商业服务",
              "婚庆/摄影"
            ],
            "navIds": [
              39,
              51,
              299
            ],
            "desc": "提供家政、婚庆策划等婚礼相关产品或服务、摄影服务的个体户/门店"
          },
          {
            "isLeaf": true,
            "name": "丧仪殡葬服务",
            "value": 568,
            "nav": [
              "个体工商户",
              "居民生活/商业服务",
              "丧仪殡葬服务"
            ],
            "navIds": [
              39,
              51,
              568
            ],
            "desc": "提供丧仪殡葬服务的个体户"
          },
          {
            "isLeaf": true,
            "name": "搬家/回收",
            "value": 569,
            "nav": [
              "个体工商户",
              "居民生活/商业服务",
              "搬家/回收"
            ],
            "navIds": [
              39,
              51,
              569
            ],
            "desc": "适用于专业提供搬家、回收衣服/家居等旧物服务的个体户/门店"
          },
          {
            "isLeaf": true,
            "name": "宠物医院",
            "value": 570,
            "nav": [
              "个体工商户",
              "居民生活/商业服务",
              "宠物医院"
            ],
            "navIds": [
              39,
              51,
              570
            ],
            "desc": "宠物医院"
          },
          {
            "isLeaf": true,
            "name": "咨询/法律咨询/金融咨询等",
            "value": 143,
            "nav": [
              "个体工商户",
              "居民生活/商业服务",
              "咨询/法律咨询/金融咨询等"
            ],
            "navIds": [
              39,
              51,
              143
            ],
            "desc": "适用于各类咨询业务(不包含医疗信息咨询)"
          },
          {
            "isLeaf": true,
            "name": "装饰/设计",
            "value": 306,
            "nav": [
              "个体工商户",
              "居民生活/商业服务",
              "装饰/设计"
            ],
            "navIds": [
              39,
              51,
              306
            ],
            "desc": "装饰公司、设计装潢等个体户申请"
          },
          {
            "isLeaf": true,
            "name": "家政/维修服务",
            "value": 320,
            "nav": [
              "个体工商户",
              "居民生活/商业服务",
              "家政/维修服务"
            ],
            "navIds": [
              39,
              51,
              320
            ],
            "desc": "适用于家政、家电维修店等为居民生活提供便捷服务的个体户申请，包括送水站、管道疏通、家电焊接维修、灭虫消毒、清洁保养等"
          },
          {
            "isLeaf": true,
            "name": "广告/会展/活动策划",
            "value": 321,
            "nav": [
              "个体工商户",
              "居民生活/商业服务",
              "广告/会展/活动策划"
            ],
            "navIds": [
              39,
              51,
              321
            ],
            "desc": "适用于从事广告、活动策划、会展策划举办的个体户申请"
          },
          {
            "isLeaf": true,
            "name": "职业社交/婚介/交友",
            "value": 157,
            "nav": [
              "个体工商户",
              "居民生活/商业服务",
              "职业社交/婚介/交友"
            ],
            "navIds": [
              39,
              51,
              157
            ],
            "desc": "适用于从事婚介交友相关行业的个体户申请"
          },
          {
            "isLeaf": true,
            "name": "苗木种植/园林绿化",
            "value": 324,
            "nav": [
              "个体工商户",
              "居民生活/商业服务",
              "苗木种植/园林绿化"
            ],
            "navIds": [
              39,
              51,
              324
            ],
            "desc": "适用于苗木种植场或苗木销售、园林绿化管理的个体户"
          }
        ]
      },
      {
        "nav": [
          "个体工商户",
          "休闲娱乐"
        ],
        "navIds": [
          39,
          53
        ],
        "value": 53,
        "name": "休闲娱乐",
        "desc": "休闲娱乐",
        "children": [
          {
            "isLeaf": true,
            "name": "娱乐票务",
            "value": 307,
            "nav": [
              "个体工商户",
              "休闲娱乐",
              "娱乐票务"
            ],
            "navIds": [
              39,
              53,
              307
            ],
            "desc": "适用于演唱会票务、电影票、赛事门票等各种娱乐赛事门票代理销售"
          },
          {
            "isLeaf": true,
            "name": "院线影城",
            "value": 578,
            "nav": [
              "个体工商户",
              "休闲娱乐",
              "院线影城"
            ],
            "navIds": [
              39,
              53,
              578
            ],
            "desc": "适用于电影院、私人影院及其内部消费申请"
          },
          {
            "isLeaf": true,
            "name": "演出赛事",
            "value": 579,
            "nav": [
              "个体工商户",
              "休闲娱乐",
              "演出赛事"
            ],
            "navIds": [
              39,
              53,
              579
            ],
            "desc": "适用于话剧演出、体育赛事、演唱会等举办方申请"
          },
          {
            "isLeaf": true,
            "name": "运动健身场馆",
            "value": 148,
            "nav": [
              "个体工商户",
              "休闲娱乐",
              "运动健身场馆"
            ],
            "navIds": [
              39,
              53,
              148
            ],
            "desc": "适用于美容美甲、健身场所、按摩院等申请"
          },
          {
            "isLeaf": true,
            "name": "美发/美容/美甲店",
            "value": 580,
            "nav": [
              "个体工商户",
              "休闲娱乐",
              "美发/美容/美甲店"
            ],
            "navIds": [
              39,
              53,
              580
            ],
            "desc": "美发、美容、美甲店"
          },
          {
            "isLeaf": true,
            "name": "俱乐部/休闲会所",
            "value": 300,
            "nav": [
              "个体工商户",
              "休闲娱乐",
              "俱乐部/休闲会所"
            ],
            "navIds": [
              39,
              53,
              300
            ],
            "desc": "适用于高尔夫球场、水疗会所等申请"
          },
          {
            "isLeaf": true,
            "name": "游艺厅/KTV/网吧",
            "value": 149,
            "nav": [
              "个体工商户",
              "休闲娱乐",
              "游艺厅/KTV/网吧"
            ],
            "navIds": [
              39,
              53,
              149
            ],
            "desc": "适用于游乐园、游乐厅、KTV、网吧等申请"
          },
          {
            "isLeaf": true,
            "name": "酒吧",
            "value": 577,
            "nav": [
              "个体工商户",
              "休闲娱乐",
              "酒吧"
            ],
            "navIds": [
              39,
              53,
              577
            ],
            "desc": "适用于主营酒吧的线下门店"
          }
        ]
      },
      {
        "nav": [
          "个体工商户",
          "交通运输服务"
        ],
        "navIds": [
          39,
          80
        ],
        "value": 80,
        "name": "交通运输服务",
        "desc": "交通运输服务",
        "children": [
          {
            "isLeaf": true,
            "name": "汽车用品",
            "value": 296,
            "nav": [
              "个体工商户",
              "交通运输服务",
              "汽车用品"
            ],
            "navIds": [
              39,
              80,
              296
            ],
            "desc": "维修店、配件销售公司等"
          },
          {
            "isLeaf": true,
            "name": "汽车美容/维修保养",
            "value": 567,
            "nav": [
              "个体工商户",
              "交通运输服务",
              "汽车美容/维修保养"
            ],
            "navIds": [
              39,
              80,
              567
            ],
            "desc": "适用于汽车美容、汽车维修保养门店"
          }
        ]
      },
      {
        "nav": [
          "个体工商户",
          "网络媒体/计算机服务/游戏"
        ],
        "navIds": [
          39,
          84
        ],
        "value": 84,
        "name": "网络媒体/计算机服务/游戏",
        "desc": "网络媒体/计算机服务/游戏",
        "children": [
          {
            "isLeaf": true,
            "name": "游戏",
            "value": 502,
            "nav": [
              "个体工商户",
              "网络媒体/计算机服务/游戏",
              "游戏"
            ],
            "navIds": [
              39,
              84,
              502
            ],
            "desc": "游戏充值平台、游戏金币交易网站等"
          },
          {
            "isLeaf": true,
            "name": "软件/建站/技术开发",
            "value": 302,
            "nav": [
              "个体工商户",
              "网络媒体/计算机服务/游戏",
              "软件/建站/技术开发"
            ],
            "navIds": [
              39,
              84,
              302
            ],
            "desc": "提供域名注册、网站建设等技术服务的个体户/门店申请"
          },
          {
            "isLeaf": true,
            "name": "网络推广/网络广告",
            "value": 303,
            "nav": [
              "个体工商户",
              "网络媒体/计算机服务/游戏",
              "网络推广/网络广告"
            ],
            "navIds": [
              39,
              84,
              303
            ],
            "desc": "提供网络广告制作、网络视频制作、网络软文推广等服务的个体户"
          }
        ]
      },
      {
        "nav": [
          "个体工商户",
          "教育/医疗"
        ],
        "navIds": [
          39,
          78
        ],
        "value": 78,
        "name": "教育/医疗",
        "desc": "教育/医疗",
        "children": [
          {
            "isLeaf": true,
            "name": "教育/培训/考试缴费/学费",
            "value": 147,
            "nav": [
              "个体工商户",
              "教育/医疗",
              "教育/培训/考试缴费/学费"
            ],
            "navIds": [
              39,
              78,
              147
            ],
            "desc": "适用于教育培训、培训网站申请"
          },
          {
            "isLeaf": true,
            "name": "保健器械/医疗器械/非处方药品",
            "value": 322,
            "nav": [
              "个体工商户",
              "教育/医疗",
              "保健器械/医疗器械/非处方药品"
            ],
            "navIds": [
              39,
              78,
              322
            ],
            "desc": "各大药店和制药公司、医疗器械、保健器械生产销售的个体户/门店"
          },
          {
            "isLeaf": true,
            "name": "私立/民营医院/诊所",
            "value": 230,
            "nav": [
              "个体工商户",
              "教育/医疗",
              "私立/民营医院/诊所"
            ],
            "navIds": [
              39,
              78,
              230
            ],
            "desc": "适用于私立医院、门诊部等非公司医院申请"
          }
        ]
      },
      {
        "nav": [
          "个体工商户",
          "生活缴费"
        ],
        "navIds": [
          39,
          54
        ],
        "value": 54,
        "name": "生活缴费",
        "desc": "生活缴费",
        "children": [
          {
            "isLeaf": true,
            "name": "话费通讯",
            "value": 155,
            "nav": [
              "个体工商户",
              "生活缴费",
              "话费通讯"
            ],
            "navIds": [
              39,
              54,
              155
            ],
            "desc": "移动、联通、电信公司授权的第三方经营话费充值、流量充值等业务的个体户"
          },
          {
            "isLeaf": true,
            "name": "生活缴费",
            "value": 309,
            "nav": [
              "个体工商户",
              "生活缴费",
              "生活缴费"
            ],
            "navIds": [
              39,
              54,
              309
            ],
            "desc": "其他生活缴费类服务"
          }
        ]
      },
      {
        "nav": [
          "个体工商户",
          "金融"
        ],
        "navIds": [
          39,
          82
        ],
        "value": 82,
        "name": "金融",
        "desc": "金融",
        "children": [
          {
            "isLeaf": true,
            "name": "财经资讯",
            "value": 242,
            "nav": [
              "个体工商户",
              "金融",
              "财经资讯"
            ],
            "navIds": [
              39,
              82,
              242
            ],
            "desc": "提供财经咨询服务的个体户申请"
          }
        ]
      },
      {
        "nav": [
          "个体工商户",
          "交通出行/票务旅游"
        ],
        "navIds": [
          39,
          45
        ],
        "value": 45,
        "name": "交通出行/票务旅游",
        "desc": "交通出行/票务旅游",
        "children": [
          {
            "isLeaf": true,
            "name": "旅馆/酒店/度假区",
            "value": 301,
            "nav": [
              "个体工商户",
              "交通出行/票务旅游",
              "旅馆/酒店/度假区"
            ],
            "navIds": [
              39,
              45,
              301
            ],
            "desc": "适用于旅馆、度假村等申请"
          },
          {
            "isLeaf": true,
            "name": "铁路客运",
            "value": 308,
            "nav": [
              "个体工商户",
              "交通出行/票务旅游",
              "铁路客运"
            ],
            "navIds": [
              39,
              45,
              308
            ],
            "desc": "适用于汽车客运站、火车站、码头以及相关票务代理公司"
          },
          {
            "isLeaf": true,
            "name": "加油",
            "value": 340,
            "nav": [
              "个体工商户",
              "交通出行/票务旅游",
              "加油"
            ],
            "navIds": [
              39,
              45,
              340
            ],
            "desc": "各地区加油站等"
          }
        ]
      },
      {
        "nav": [
          "个体工商户",
          "其他"
        ],
        "navIds": [
          39,
          58
        ],
        "value": 58,
        "name": "其他",
        "desc": "其他",
        "children": [
          {
            "isLeaf": true,
            "name": "其他行业",
            "value": 158,
            "nav": [
              "个体工商户",
              "其他",
              "其他行业"
            ],
            "navIds": [
              39,
              58,
              158
            ],
            "desc": "仅适用于主营业务在以上类目中均没有对应选择的个体户/门店，结算周期为T 7"
          }
        ]
      }
    ]
  },
  {
    "value": 2,
    "name": "企业",
    "desc": "企业",
    "nav": [
      "企业"
    ],
    "navIds": [
      2
    ],
    "children": [
      {
        "nav": [
          "企业",
          "餐饮"
        ],
        "navIds": [
          2,
          29
        ],
        "value": 29,
        "name": "餐饮",
        "desc": "餐饮",
        "children": [
          {
            "isLeaf": true,
            "name": "快餐",
            "value": 545,
            "nav": [
              "企业",
              "餐饮",
              "快餐"
            ],
            "navIds": [
              2,
              29,
              545
            ],
            "desc": "适用于主营制售中式快餐、西式快餐或其他类型快餐的企业/门店"
          },
          {
            "isLeaf": true,
            "name": "火锅",
            "value": 543,
            "nav": [
              "企业",
              "餐饮",
              "火锅"
            ],
            "navIds": [
              2,
              29,
              543
            ],
            "desc": "适用于主营制售火锅的餐饮企业/门店，包括麻辣烫/串串香、各地域火锅、羊蝎子、韩式火锅、豆捞等"
          },
          {
            "isLeaf": true,
            "name": "烧烤",
            "value": 544,
            "nav": [
              "企业",
              "餐饮",
              "烧烤"
            ],
            "navIds": [
              2,
              29,
              544
            ],
            "desc": "适用于主营制售烧烤的餐饮门店，包括中式/日式/拉美烧烤，铁板烧，韩式烧烤等"
          },
          {
            "isLeaf": true,
            "name": "小吃/熟食",
            "value": 548,
            "nav": [
              "企业",
              "餐饮",
              "小吃/熟食"
            ],
            "navIds": [
              2,
              29,
              548
            ],
            "desc": "适用于主营制售面点、米粉/米线、熟食卤味等小吃或熟食企业/门店"
          },
          {
            "isLeaf": true,
            "name": "其他中餐",
            "value": 539,
            "nav": [
              "企业",
              "餐饮",
              "其他中餐"
            ],
            "navIds": [
              2,
              29,
              539
            ],
            "desc": "适用于八大菜系、各地方菜、汤/粥/煲/砂锅/炖菜、土菜/农家菜、茶餐厅、清真菜、自助餐、创意菜等中式餐饮企业/门店"
          },
          {
            "isLeaf": true,
            "name": "日韩/东南亚菜",
            "value": 541,
            "nav": [
              "企业",
              "餐饮",
              "日韩/东南亚菜"
            ],
            "navIds": [
              2,
              29,
              541
            ],
            "desc": "适用于制售中韩、东南亚菜的餐饮企业/门店"
          },
          {
            "isLeaf": true,
            "name": "西餐",
            "value": 540,
            "nav": [
              "企业",
              "餐饮",
              "西餐"
            ],
            "navIds": [
              2,
              29,
              540
            ],
            "desc": "适用于制售西餐的餐饮企业/门店"
          },
          {
            "isLeaf": true,
            "name": "咖啡厅",
            "value": 542,
            "nav": [
              "企业",
              "餐饮",
              "咖啡厅"
            ],
            "navIds": [
              2,
              29,
              542
            ],
            "desc": "适用于现场制售咖啡饮品的企业/门店"
          },
          {
            "isLeaf": true,
            "name": "甜品饮品",
            "value": 550,
            "nav": [
              "企业",
              "餐饮",
              "甜品饮品"
            ],
            "navIds": [
              2,
              29,
              550
            ],
            "desc": "适用于制售奶茶、冰激凌、饮品/甜点等各类甜品饮品的企业/门店"
          },
          {
            "isLeaf": true,
            "name": "烘焙糕点",
            "value": 549,
            "nav": [
              "企业",
              "餐饮",
              "烘焙糕点"
            ],
            "navIds": [
              2,
              29,
              549
            ],
            "desc": "适用于制售蛋糕、面包等烘焙糕点，且拥有生产场所的企业/门店"
          }
        ]
      },
      {
        "nav": [
          "企业",
          "线下零售"
        ],
        "navIds": [
          2,
          75
        ],
        "value": 75,
        "name": "线下零售",
        "desc": "线下零售",
        "children": [
          {
            "isLeaf": true,
            "name": "超市",
            "value": 204,
            "nav": [
              "企业",
              "线下零售",
              "超市"
            ],
            "navIds": [
              2,
              75,
              204
            ],
            "desc": "适用于超级市场"
          },
          {
            "isLeaf": true,
            "name": "便利店",
            "value": 205,
            "nav": [
              "企业",
              "线下零售",
              "便利店"
            ],
            "navIds": [
              2,
              75,
              205
            ],
            "desc": "便利店、士多店等"
          },
          {
            "isLeaf": true,
            "name": "百货",
            "value": 207,
            "nav": [
              "企业",
              "线下零售",
              "百货"
            ],
            "navIds": [
              2,
              75,
              207
            ],
            "desc": "各类大型百货公司、商圈、shopping mall等日用百货销售公司"
          },
          {
            "isLeaf": true,
            "name": "自动贩卖机",
            "value": 206,
            "nav": [
              "企业",
              "线下零售",
              "自动贩卖机"
            ],
            "navIds": [
              2,
              75,
              206
            ],
            "desc": "自助售卖机等"
          },
          {
            "isLeaf": true,
            "name": "食品生鲜",
            "value": 270,
            "nav": [
              "企业",
              "线下零售",
              "食品生鲜"
            ],
            "navIds": [
              2,
              75,
              270
            ],
            "desc": "适用于生产或销售预包装食品的企业/门店、水果店、零食店、菜市场等，如是餐饮行业，建议选择餐饮类目"
          },
          {
            "isLeaf": true,
            "name": "数码电器/电脑办公",
            "value": 310,
            "nav": [
              "企业",
              "线下零售",
              "数码电器/电脑办公"
            ],
            "navIds": [
              2,
              75,
              310
            ],
            "desc": "适用于数码产品、家用电器、办公设备、机械设备的生产销售企业/门店"
          },
          {
            "isLeaf": true,
            "name": "家具建材/家居厨具",
            "value": 266,
            "nav": [
              "企业",
              "线下零售",
              "家具建材/家居厨具"
            ],
            "navIds": [
              2,
              75,
              266
            ],
            "desc": "适用于家居用品、装饰建材、家居厨具等家居用品生产销售企业/门店"
          },
          {
            "isLeaf": true,
            "name": "服饰箱包",
            "value": 271,
            "nav": [
              "企业",
              "线下零售",
              "服饰箱包"
            ],
            "navIds": [
              2,
              75,
              271
            ],
            "desc": "适用于服装配饰、箱包、饰品、内衣等生产销售企业/门店"
          },
          {
            "isLeaf": true,
            "name": "运动户外",
            "value": 6,
            "nav": [
              "企业",
              "线下零售",
              "运动户外"
            ],
            "navIds": [
              2,
              75,
              6
            ],
            "desc": "适用于运动服饰、健身器材、安防器械生产销售企业/门店"
          },
          {
            "isLeaf": true,
            "name": "美妆个护",
            "value": 267,
            "nav": [
              "企业",
              "线下零售",
              "美妆个护"
            ],
            "navIds": [
              2,
              75,
              267
            ],
            "desc": "适用于美妆用品、个人护理用品的生产销售企业/门店"
          },
          {
            "isLeaf": true,
            "name": "母婴用品/儿童玩具",
            "value": 19,
            "nav": [
              "企业",
              "线下零售",
              "母婴用品/儿童玩具"
            ],
            "navIds": [
              2,
              75,
              19
            ],
            "desc": "母婴用品/儿童玩具"
          },
          {
            "isLeaf": true,
            "name": "计生用品",
            "value": 13,
            "nav": [
              "企业",
              "线下零售",
              "计生用品"
            ],
            "navIds": [
              2,
              75,
              13
            ],
            "desc": "适用于计生用品的生产销售企业/门店"
          },
          {
            "isLeaf": true,
            "name": "黄金珠宝",
            "value": 9,
            "nav": [
              "企业",
              "线下零售",
              "黄金珠宝"
            ],
            "navIds": [
              2,
              75,
              9
            ],
            "desc": "适用于各类珠宝、金银生产销售企业/门店"
          },
          {
            "isLeaf": true,
            "name": "礼品鲜花/农资绿植",
            "value": 272,
            "nav": [
              "企业",
              "线下零售",
              "礼品鲜花/农资绿植"
            ],
            "navIds": [
              2,
              75,
              272
            ],
            "desc": "适用于花店、盆栽种植基地或盆栽销售企业/门店"
          },
          {
            "isLeaf": true,
            "name": "宠物/宠物用品",
            "value": 284,
            "nav": [
              "企业",
              "线下零售",
              "宠物/宠物用品"
            ],
            "navIds": [
              2,
              75,
              284
            ],
            "desc": "适用于宠物食品或饲料、宠物用品玩具生产销售的企业/门店"
          },
          {
            "isLeaf": true,
            "name": "钟表眼镜",
            "value": 268,
            "nav": [
              "企业",
              "线下零售",
              "钟表眼镜"
            ],
            "navIds": [
              2,
              75,
              268
            ],
            "desc": "适用于钟表、眼镜店生产销售的企业"
          },
          {
            "isLeaf": true,
            "name": "批发业",
            "value": 585,
            "nav": [
              "企业",
              "线下零售",
              "批发业"
            ],
            "navIds": [
              2,
              75,
              585
            ],
            "desc": "适用于鞋服/饰品日用品/小商品/建材/五金/办公用品/医疗批发/汽车和运输工具/工业产品及设备等批发业务"
          },
          {
            "isLeaf": true,
            "name": "图书音像/文具乐器",
            "value": 315,
            "nav": [
              "企业",
              "线下零售",
              "图书音像/文具乐器"
            ],
            "navIds": [
              2,
              75,
              315
            ],
            "desc": "适用于书店、音像出版社、文具、乐器生产销售企业/门店"
          }
        ]
      },
      {
        "nav": [
          "企业",
          "网上购物"
        ],
        "navIds": [
          2,
          3
        ],
        "value": 3,
        "name": "网上购物",
        "desc": "网上购物",
        "children": [
          {
            "isLeaf": true,
            "name": "线上商超",
            "value": 203,
            "nav": [
              "企业",
              "网上购物",
              "线上商超"
            ],
            "navIds": [
              2,
              3,
              203
            ],
            "desc": "适用于网上综合商城"
          }
        ]
      },
      {
        "nav": [
          "企业",
          "居民生活/商业服务"
        ],
        "navIds": [
          2,
          15
        ],
        "value": 15,
        "name": "居民生活/商业服务",
        "desc": "居民生活/商业服务",
        "children": [
          {
            "isLeaf": true,
            "name": "物流/快递公司",
            "value": 70,
            "nav": [
              "企业",
              "居民生活/商业服务",
              "物流/快递公司"
            ],
            "navIds": [
              2,
              15,
              70
            ],
            "desc": "适用于物流公司、快递公司申请"
          },
          {
            "isLeaf": true,
            "name": "家政/维修服务",
            "value": 311,
            "nav": [
              "企业",
              "居民生活/商业服务",
              "家政/维修服务"
            ],
            "navIds": [
              2,
              15,
              311
            ],
            "desc": "适用于家政公司、家电维修店等为居民生活提供便捷服务的企业申请，包括送水站、管道疏通、家电焊接维修、灭虫消毒、清洁保养等"
          },
          {
            "isLeaf": true,
            "name": "婚庆/摄影",
            "value": 273,
            "nav": [
              "企业",
              "居民生活/商业服务",
              "婚庆/摄影"
            ],
            "navIds": [
              2,
              15,
              273
            ],
            "desc": "适用于提供婚庆策划等婚礼相关产品或服务、摄影服务的公司"
          },
          {
            "isLeaf": true,
            "name": "丧仪殡葬服务",
            "value": 564,
            "nav": [
              "企业",
              "居民生活/商业服务",
              "丧仪殡葬服务"
            ],
            "navIds": [
              2,
              15,
              564
            ],
            "desc": "提供丧仪殡葬服务的企业"
          },
          {
            "isLeaf": true,
            "name": "搬家/回收",
            "value": 565,
            "nav": [
              "企业",
              "居民生活/商业服务",
              "搬家/回收"
            ],
            "navIds": [
              2,
              15,
              565
            ],
            "desc": "适用于专业提供搬家、回收衣服/家居等旧物服务的企业/门店"
          },
          {
            "isLeaf": true,
            "name": "共享服务",
            "value": 538,
            "nav": [
              "企业",
              "居民生活/商业服务",
              "共享服务"
            ],
            "navIds": [
              2,
              15,
              538
            ],
            "desc": "适用于共享类业务企业申请，如共享充电宝、共享冰箱等"
          },
          {
            "isLeaf": true,
            "name": "宠物医院",
            "value": 566,
            "nav": [
              "企业",
              "居民生活/商业服务",
              "宠物医院"
            ],
            "navIds": [
              2,
              15,
              566
            ],
            "desc": "宠物医院"
          },
          {
            "isLeaf": true,
            "name": "苗木种植/园林绿化",
            "value": 317,
            "nav": [
              "企业",
              "居民生活/商业服务",
              "苗木种植/园林绿化"
            ],
            "navIds": [
              2,
              15,
              317
            ],
            "desc": "适用于专业园林绿化管理机构或公司"
          },
          {
            "isLeaf": true,
            "name": "装饰/设计",
            "value": 289,
            "nav": [
              "企业",
              "居民生活/商业服务",
              "装饰/设计"
            ],
            "navIds": [
              2,
              15,
              289
            ],
            "desc": "适用于装饰公司、设计装潢等企业申请"
          },
          {
            "isLeaf": true,
            "name": "广告/会展/活动策划",
            "value": 312,
            "nav": [
              "企业",
              "居民生活/商业服务",
              "广告/会展/活动策划"
            ],
            "navIds": [
              2,
              15,
              312
            ],
            "desc": "适用于广告公司、活动/活动策划及举办的企业"
          },
          {
            "isLeaf": true,
            "name": "咨询/法律咨询/金融咨询等",
            "value": 42,
            "nav": [
              "企业",
              "居民生活/商业服务",
              "咨询/法律咨询/金融咨询等"
            ],
            "navIds": [
              2,
              15,
              42
            ],
            "desc": "适用于各类咨询业务(不包含医疗信息咨询)、企业管理公司等"
          },
          {
            "isLeaf": true,
            "name": "人才中介机构/招聘/猎头",
            "value": 93,
            "nav": [
              "企业",
              "居民生活/商业服务",
              "人才中介机构/招聘/猎头"
            ],
            "navIds": [
              2,
              15,
              93
            ],
            "desc": "适用于猎头公司，招聘网站等"
          },
          {
            "isLeaf": true,
            "name": "职业社交/婚介/交友",
            "value": 94,
            "nav": [
              "企业",
              "居民生活/商业服务",
              "职业社交/婚介/交友"
            ],
            "navIds": [
              2,
              15,
              94
            ],
            "desc": "适用于婚介交友机构或平台申请"
          },
          {
            "isLeaf": true,
            "name": "房地产",
            "value": 316,
            "nav": [
              "企业",
              "居民生活/商业服务",
              "房地产"
            ],
            "navIds": [
              2,
              15,
              316
            ],
            "desc": "适用于房地产集团或开发公司、房地产中介申请"
          }
        ]
      },
      {
        "nav": [
          "企业",
          "休闲娱乐"
        ],
        "navIds": [
          2,
          17
        ],
        "value": 17,
        "name": "休闲娱乐",
        "desc": "休闲娱乐",
        "children": [
          {
            "isLeaf": true,
            "name": "娱乐票务",
            "value": 281,
            "nav": [
              "企业",
              "休闲娱乐",
              "娱乐票务"
            ],
            "navIds": [
              2,
              17,
              281
            ],
            "desc": "适用于演唱会票务、电影票、赛事门票等各种娱乐赛事门票代理企业"
          },
          {
            "isLeaf": true,
            "name": "院线影城",
            "value": 572,
            "nav": [
              "企业",
              "休闲娱乐",
              "院线影城"
            ],
            "navIds": [
              2,
              17,
              572
            ],
            "desc": "适用于电影院、私人影院及其内部消费申请"
          },
          {
            "isLeaf": true,
            "name": "演出赛事",
            "value": 573,
            "nav": [
              "企业",
              "休闲娱乐",
              "演出赛事"
            ],
            "navIds": [
              2,
              17,
              573
            ],
            "desc": "适用于话剧演出、体育赛事、演唱会等举办或代理方企业申请"
          },
          {
            "isLeaf": true,
            "name": "运动健身场馆",
            "value": 54,
            "nav": [
              "企业",
              "休闲娱乐",
              "运动健身场馆"
            ],
            "navIds": [
              2,
              17,
              54
            ],
            "desc": "适用于健身会所、各类球馆、射箭馆、滑雪场舞蹈室等企业/门店"
          },
          {
            "isLeaf": true,
            "name": "美发/美容/美甲店",
            "value": 574,
            "nav": [
              "企业",
              "休闲娱乐",
              "美发/美容/美甲店"
            ],
            "navIds": [
              2,
              17,
              574
            ],
            "desc": "适用于美容美发美甲美体、美睫、纹绣、彩妆造型、祛痘企业/门店或整形机构"
          },
          {
            "isLeaf": true,
            "name": "俱乐部/休闲会所",
            "value": 280,
            "nav": [
              "企业",
              "休闲娱乐",
              "俱乐部/休闲会所"
            ],
            "navIds": [
              2,
              17,
              280
            ],
            "desc": "适用于高尔夫球场、水疗会所、养生会所等企业/门店"
          },
          {
            "isLeaf": true,
            "name": "游艺厅/KTV/网吧",
            "value": 56,
            "nav": [
              "企业",
              "休闲娱乐",
              "游艺厅/KTV/网吧"
            ],
            "navIds": [
              2,
              17,
              56
            ],
            "desc": "适用于游乐园、游乐厅、KTV、网吧等"
          },
          {
            "isLeaf": true,
            "name": "酒吧",
            "value": 571,
            "nav": [
              "企业",
              "休闲娱乐",
              "酒吧"
            ],
            "navIds": [
              2,
              17,
              571
            ],
            "desc": "酒吧"
          }
        ]
      },
      {
        "nav": [
          "企业",
          "交通出行/票务旅游"
        ],
        "navIds": [
          2,
          9
        ],
        "value": 9,
        "name": "交通出行/票务旅游",
        "desc": "交通出行/票务旅游",
        "children": [
          {
            "isLeaf": true,
            "name": "租车",
            "value": 77,
            "nav": [
              "企业",
              "交通出行/票务旅游",
              "租车"
            ],
            "navIds": [
              2,
              9,
              77
            ],
            "desc": "提供租车服务的企业"
          },
          {
            "isLeaf": true,
            "name": "机票/机票代理",
            "value": 274,
            "nav": [
              "企业",
              "交通出行/票务旅游",
              "机票/机票代理"
            ],
            "navIds": [
              2,
              9,
              274
            ],
            "desc": "适用于航空公司、机票代理公司申请"
          },
          {
            "isLeaf": true,
            "name": "铁路客运",
            "value": 283,
            "nav": [
              "企业",
              "交通出行/票务旅游",
              "铁路客运"
            ],
            "navIds": [
              2,
              9,
              283
            ],
            "desc": "适用于汽车客运站、火车站、码头以及相关票务代理公司"
          },
          {
            "isLeaf": true,
            "name": "高速收费",
            "value": 610,
            "nav": [
              "企业",
              "交通出行/票务旅游",
              "高速收费"
            ],
            "navIds": [
              2,
              9,
              610
            ],
            "desc": "适用于高速路管理公司申请"
          },
          {
            "isLeaf": true,
            "name": "城市公共交通",
            "value": 288,
            "nav": [
              "企业",
              "交通出行/票务旅游",
              "城市公共交通"
            ],
            "navIds": [
              2,
              9,
              288
            ],
            "desc": "适用于城市一卡通充值公司申请"
          },
          {
            "isLeaf": true,
            "name": "加油",
            "value": 259,
            "nav": [
              "企业",
              "交通出行/票务旅游",
              "加油"
            ],
            "navIds": [
              2,
              9,
              259
            ],
            "desc": "适用于各地区加油站申请"
          },
          {
            "isLeaf": true,
            "name": "停车缴费",
            "value": 287,
            "nav": [
              "企业",
              "交通出行/票务旅游",
              "停车缴费"
            ],
            "navIds": [
              2,
              9,
              287
            ],
            "desc": "适用于各大商城地下停车场、小区停车场企业"
          },
          {
            "isLeaf": true,
            "name": "汽车用品",
            "value": 269,
            "nav": [
              "企业",
              "交通出行/票务旅游",
              "汽车用品"
            ],
            "navIds": [
              2,
              9,
              269
            ],
            "desc": "适用于4S店、自行车、车辆配件等汽车或车辆用品的生产销售企业/门店"
          },
          {
            "isLeaf": true,
            "name": "汽车美容/维修保养",
            "value": 563,
            "nav": [
              "企业",
              "交通出行/票务旅游",
              "汽车美容/维修保养"
            ],
            "navIds": [
              2,
              9,
              563
            ],
            "desc": "适用于汽车美容、汽车维修保养企业/门店"
          },
          {
            "isLeaf": true,
            "name": "船舶/海运服务",
            "value": 75,
            "nav": [
              "企业",
              "交通出行/票务旅游",
              "船舶/海运服务"
            ],
            "navIds": [
              2,
              9,
              75
            ],
            "desc": "适用于港口理货公司、运输公司"
          },
          {
            "isLeaf": true,
            "name": "景区",
            "value": 354,
            "nav": [
              "企业",
              "交通出行/票务旅游",
              "景区"
            ],
            "navIds": [
              2,
              9,
              354
            ],
            "desc": "适用于提供景区生活服务的景区/乐园等管理公司申请"
          },
          {
            "isLeaf": true,
            "name": "旅馆/酒店/度假区",
            "value": 275,
            "nav": [
              "企业",
              "交通出行/票务旅游",
              "旅馆/酒店/度假区"
            ],
            "navIds": [
              2,
              9,
              275
            ],
            "desc": "适用于酒店、客栈、酒店式公寓、旅馆、度假村等"
          },
          {
            "isLeaf": true,
            "name": "旅行社",
            "value": 23,
            "nav": [
              "企业",
              "交通出行/票务旅游",
              "旅行社"
            ],
            "navIds": [
              2,
              9,
              23
            ],
            "desc": "适用于旅行社申请"
          }
        ]
      },
      {
        "nav": [
          "企业",
          "网络媒体/计算机服务/游戏"
        ],
        "navIds": [
          2,
          33
        ],
        "value": 33,
        "name": "网络媒体/计算机服务/游戏",
        "desc": "网络媒体/计算机服务/游戏",
        "children": [
          {
            "isLeaf": true,
            "name": "在线图书/视频/音乐",
            "value": 276,
            "nav": [
              "企业",
              "网络媒体/计算机服务/游戏",
              "在线图书/视频/音乐"
            ],
            "navIds": [
              2,
              33,
              276
            ],
            "desc": "提供在线视频点播、在线小说、图书以及音乐等下载服务等公司"
          },
          {
            "isLeaf": true,
            "name": "门户/资讯/论坛",
            "value": 104,
            "nav": [
              "企业",
              "网络媒体/计算机服务/游戏",
              "门户/资讯/论坛"
            ],
            "navIds": [
              2,
              33,
              104
            ],
            "desc": "提供网站论坛、咨询信息等服务的公司"
          },
          {
            "isLeaf": true,
            "name": "游戏",
            "value": 501,
            "nav": [
              "企业",
              "网络媒体/计算机服务/游戏",
              "游戏"
            ],
            "navIds": [
              2,
              33,
              501
            ],
            "desc": "游戏充值平台、游戏金币交易的公司等"
          },
          {
            "isLeaf": true,
            "name": "网络直播",
            "value": 521,
            "nav": [
              "企业",
              "网络媒体/计算机服务/游戏",
              "网络直播"
            ],
            "navIds": [
              2,
              33,
              521
            ],
            "desc": "适用于利用视讯方式进行网上现场直播，直播内容的制作与发布同时进行的网络直播平台"
          },
          {
            "isLeaf": true,
            "name": "软件/建站/技术开发",
            "value": 277,
            "nav": [
              "企业",
              "网络媒体/计算机服务/游戏",
              "软件/建站/技术开发"
            ],
            "navIds": [
              2,
              33,
              277
            ],
            "desc": "提供域名注册、网站建设等技术服务的公司申请"
          },
          {
            "isLeaf": true,
            "name": "网络推广/网络广告",
            "value": 278,
            "nav": [
              "企业",
              "网络媒体/计算机服务/游戏",
              "网络推广/网络广告"
            ],
            "navIds": [
              2,
              33,
              278
            ],
            "desc": "提供网络广告制作、网络视频制作、搜索引擎的广告位等服务的公司"
          }
        ]
      },
      {
        "nav": [
          "企业",
          "网上服务平台"
        ],
        "navIds": [
          2,
          439
        ],
        "value": 439,
        "name": "网上服务平台",
        "desc": "网上服务平台",
        "children": [
          {
            "isLeaf": true,
            "name": "团购服务平台",
            "value": 2,
            "nav": [
              "企业",
              "网上服务平台",
              "团购服务平台"
            ],
            "navIds": [
              2,
              439,
              2
            ],
            "desc": "提供团购服务信息的平台，平台不参与生产销售。如涉及加工，建议选择餐饮类目"
          },
          {
            "isLeaf": true,
            "name": "综合生活服务平台",
            "value": 95,
            "nav": [
              "企业",
              "网上服务平台",
              "综合生活服务平台"
            ],
            "navIds": [
              2,
              439,
              95
            ],
            "desc": "提供本地综合类生活信息服务的平台，如大众点评等"
          },
          {
            "isLeaf": true,
            "name": "旅游服务平台",
            "value": 24,
            "nav": [
              "企业",
              "网上服务平台",
              "旅游服务平台"
            ],
            "navIds": [
              2,
              439,
              24
            ],
            "desc": "提供旅游信息服务的平台"
          },
          {
            "isLeaf": true,
            "name": "订餐服务平台",
            "value": 522,
            "nav": [
              "企业",
              "网上服务平台",
              "订餐服务平台"
            ],
            "navIds": [
              2,
              439,
              522
            ],
            "desc": "提供订餐服务的信息服务平台。如平台参与餐饮的加工服务，建议选择“餐饮”"
          }
        ]
      },
      {
        "nav": [
          "企业",
          "教育/医疗"
        ],
        "navIds": [
          2,
          20
        ],
        "value": 20,
        "name": "教育/医疗",
        "desc": "教育/医疗",
        "children": [
          {
            "isLeaf": true,
            "name": "教育/培训/考试缴费/学费",
            "value": 52,
            "nav": [
              "企业",
              "教育/医疗",
              "教育/培训/考试缴费/学费"
            ],
            "navIds": [
              2,
              20,
              52
            ],
            "desc": "适用于商业性质的技能培训机构申请，如驾校等"
          },
          {
            "isLeaf": true,
            "name": "私立院校",
            "value": 53,
            "nav": [
              "企业",
              "教育/医疗",
              "私立院校"
            ],
            "navIds": [
              2,
              20,
              53
            ],
            "desc": "适用于私立学校、独立学院申请"
          },
          {
            "isLeaf": true,
            "name": "保健器械/医疗器械/非处方药品",
            "value": 314,
            "nav": [
              "企业",
              "教育/医疗",
              "保健器械/医疗器械/非处方药品"
            ],
            "navIds": [
              2,
              20,
              314
            ],
            "desc": "适用于各大药店和制药公司、医疗器械、保健器械生产销售公司，药店"
          },
          {
            "isLeaf": true,
            "name": "保健信息咨询平台",
            "value": 282,
            "nav": [
              "企业",
              "教育/医疗",
              "保健信息咨询平台"
            ],
            "navIds": [
              2,
              20,
              282
            ],
            "desc": "适用于提供保健信息咨询服务的平台"
          },
          {
            "isLeaf": true,
            "name": "私立/民营医院/诊所",
            "value": 66,
            "nav": [
              "企业",
              "教育/医疗",
              "私立/民营医院/诊所"
            ],
            "navIds": [
              2,
              20,
              66
            ],
            "desc": "适用于私立医院、门诊部等公司性质医院申请"
          },
          {
            "isLeaf": true,
            "name": "挂号平台",
            "value": 67,
            "nav": [
              "企业",
              "教育/医疗",
              "挂号平台"
            ],
            "navIds": [
              2,
              20,
              67
            ],
            "desc": "适用于提供挂号服务的平台申请"
          }
        ]
      },
      {
        "nav": [
          "企业",
          "生活缴费"
        ],
        "navIds": [
          2,
          19
        ],
        "value": 19,
        "name": "生活缴费",
        "desc": "生活缴费",
        "children": [
          {
            "isLeaf": true,
            "name": "电信运营商",
            "value": 80,
            "nav": [
              "企业",
              "生活缴费",
              "电信运营商"
            ],
            "navIds": [
              2,
              19,
              80
            ],
            "desc": "国内三大运营商以及获得虚拟运营商牌照的电信公司申请"
          },
          {
            "isLeaf": true,
            "name": "宽带收费",
            "value": 81,
            "nav": [
              "企业",
              "生活缴费",
              "宽带收费"
            ],
            "navIds": [
              2,
              19,
              81
            ],
            "desc": "适用于提供宽带网络接入的公司申请"
          },
          {
            "isLeaf": true,
            "name": "话费通讯",
            "value": 92,
            "nav": [
              "企业",
              "生活缴费",
              "话费通讯"
            ],
            "navIds": [
              2,
              19,
              92
            ],
            "desc": "适用于移动、联通、电信公司授权的第三方经营话费充值、流量充值等业务的公司"
          },
          {
            "isLeaf": true,
            "name": "有线电视缴费",
            "value": 58,
            "nav": [
              "企业",
              "生活缴费",
              "有线电视缴费"
            ],
            "navIds": [
              2,
              19,
              58
            ],
            "desc": "适用于有线电视缴费代理公司申请"
          },
          {
            "isLeaf": true,
            "name": "物业管理费",
            "value": 60,
            "nav": [
              "企业",
              "生活缴费",
              "物业管理费"
            ],
            "navIds": [
              2,
              19,
              60
            ],
            "desc": "适用于物业公司申请"
          },
          {
            "isLeaf": true,
            "name": "水电煤缴费/交通罚款等生活缴费",
            "value": 57,
            "nav": [
              "企业",
              "生活缴费",
              "水电煤缴费/交通罚款等生活缴费"
            ],
            "navIds": [
              2,
              19,
              57
            ],
            "desc": "适用于自来水公司、电力公司等"
          },
          {
            "isLeaf": true,
            "name": "其他生活缴费",
            "value": 62,
            "nav": [
              "企业",
              "生活缴费",
              "其他生活缴费"
            ],
            "navIds": [
              2,
              19,
              62
            ],
            "desc": "其他生活缴费类服务"
          }
        ]
      },
      {
        "nav": [
          "企业",
          "金融"
        ],
        "navIds": [
          2,
          25
        ],
        "value": 25,
        "name": "金融",
        "desc": "金融",
        "children": [
          {
            "isLeaf": true,
            "name": "财经资讯",
            "value": 96,
            "nav": [
              "企业",
              "金融",
              "财经资讯"
            ],
            "navIds": [
              2,
              25,
              96
            ],
            "desc": "适用于提供财经咨询服务的公司申请"
          },
          {
            "isLeaf": true,
            "name": "股票软件类",
            "value": 97,
            "nav": [
              "企业",
              "金融",
              "股票软件类"
            ],
            "navIds": [
              2,
              25,
              97
            ],
            "desc": "适用于炒股软件销售公司"
          },
          {
            "isLeaf": true,
            "name": "保险业务",
            "value": 318,
            "nav": [
              "企业",
              "金融",
              "保险业务"
            ],
            "navIds": [
              2,
              25,
              318
            ],
            "desc": "适用于从事保险业务相关公司申请，如汽车保险、商业保险等"
          },
          {
            "isLeaf": true,
            "name": "众筹",
            "value": 112,
            "nav": [
              "企业",
              "金融",
              "众筹"
            ],
            "navIds": [
              2,
              25,
              112
            ],
            "desc": "仅限实物类、公益类众筹网站接入申请，暂不支持股权类众筹商户，后续会有商务同事联系补充代付协议"
          },
          {
            "isLeaf": true,
            "name": "信用还款",
            "value": 326,
            "nav": [
              "企业",
              "金融",
              "信用还款"
            ],
            "navIds": [
              2,
              25,
              326
            ],
            "desc": "1. 仅适用于借贷还款类业务平台，商户拥有实际的业务场景2. 商户的还款与理财平台必须分离使用"
          }
        ]
      },
      {
        "nav": [
          "企业",
          "收藏/拍卖"
        ],
        "navIds": [
          2,
          11
        ],
        "value": 11,
        "name": "收藏/拍卖",
        "desc": "收藏/拍卖",
        "children": [
          {
            "isLeaf": true,
            "name": "非文物类收藏品",
            "value": 31,
            "nav": [
              "企业",
              "收藏/拍卖",
              "非文物类收藏品"
            ],
            "navIds": [
              2,
              11,
              31
            ],
            "desc": "适用于非文物类收藏品、文化艺术店"
          },
          {
            "isLeaf": true,
            "name": "文物经营/文物复制品销售",
            "value": 285,
            "nav": [
              "企业",
              "收藏/拍卖",
              "文物经营/文物复制品销售"
            ],
            "navIds": [
              2,
              11,
              285
            ],
            "desc": "文物收藏销售企业、文物复制品销售企业"
          },
          {
            "isLeaf": true,
            "name": "拍卖/典当",
            "value": 325,
            "nav": [
              "企业",
              "收藏/拍卖",
              "拍卖/典当"
            ],
            "navIds": [
              2,
              11,
              325
            ],
            "desc": "拍卖企业、典当企业"
          }
        ]
      },
      {
        "nav": [
          "企业",
          "其他"
        ],
        "navIds": [
          2,
          36
        ],
        "value": 36,
        "name": "其他",
        "desc": "其他",
        "children": [
          {
            "isLeaf": true,
            "name": "其他行业",
            "value": 111,
            "nav": [
              "企业",
              "其他",
              "其他行业"
            ],
            "navIds": [
              2,
              36,
              111
            ],
            "desc": "仅适用于主营业务在以上类目中均没有对应选择的企业/门店，结算周期为T 7"
          }
        ]
      }
    ]
  }
]

